<?xml version="1.0" encoding="UTF-8"?>
<beans xmlns="http://www.springframework.org/schema/beans"
       xmlns:xsi="http://www.w3.org/2001/XMLSchema-instance"
       xsi:schemaLocation="http://www.springframework.org/schema/beans
       http://www.springframework.org/schema/beans/spring-beans.xsd">

    <!--sqlSessionFactory对象-->
    <bean id="mySqlSessionFactory" class="org.mybatis.spring.SqlSessionFactoryBean">
        <property name="dataSource" ref="myDataSource"/>
        <property name="configLocation" value="classpath:mybatis.xml"/>
        <!-- 传入PageHelper的插件 -->
        <property name="plugins">
            <array>
                <!-- 传入插件的对象 -->
                <bean class="com.github.pagehelper.PageInterceptor">
                    <property name="properties">
                        <props>
                            <!--声明所使用的数据库-->
                            <prop key="helperDialect">mysql</prop>
                            <!--规范当前分页页码合理范围内-->
                            <prop key="reasonable">true</prop>
                        </props>
                    </property>
                </bean>
            </array>
        </property>
    </bean>

    <!--dao代理对象-->
    <bean class="org.mybatis.spring.mapper.MapperScannerConfigurer">
        <property name="sqlSessionFactoryBeanName" value="mySqlSessionFactory"/>
        <property name="basePackage" value="com.abc.dao"/>
    </bean>

</beans>